PROTEIN,CODON,REF,WHO_TARGET
k13,1,M,
k13,2,E,
k13,3,G,
k13,4,E,
k13,5,K,
k13,6,V,
k13,7,K,
k13,8,T,
k13,9,K,
k13,10,A,
k13,11,N,
k13,12,S,
k13,13,I,
k13,14,S,
k13,15,N,
k13,16,F,
k13,17,S,
k13,18,M,
k13,19,T,
k13,20,Y,
k13,21,D,
k13,22,R,
k13,23,E,
k13,24,S,
k13,25,G,
k13,26,G,
k13,27,N,
k13,28,S,
k13,29,N,
k13,30,S,
k13,31,D,
k13,32,D,
k13,33,K,
k13,34,S,
k13,35,G,
k13,36,S,
k13,37,S,
k13,38,S,
k13,39,E,
k13,40,N,
k13,41,D,
k13,42,S,
k13,43,N,
k13,44,S,
k13,45,F,
k13,46,M,
k13,47,N,
k13,48,L,
k13,49,T,
k13,50,S,
k13,51,D,
k13,52,K,
k13,53,N,
k13,54,E,
k13,55,K,
k13,56,T,
k13,57,E,
k13,58,N,
k13,59,N,
k13,60,S,
k13,61,F,
k13,62,L,
k13,63,L,
k13,64,N,
k13,65,N,
k13,66,S,
k13,67,S,
k13,68,Y,
k13,69,G,
k13,70,N,
k13,71,V,
k13,72,K,
k13,73,D,
k13,74,S,
k13,75,L,
k13,76,L,
k13,77,E,
k13,78,S,
k13,79,I,
k13,80,D,
k13,81,M,
k13,82,S,
k13,83,V,
k13,84,L,
k13,85,D,
k13,86,S,
k13,87,N,
k13,88,F,
k13,89,D,
k13,90,S,
k13,91,K,
k13,92,K,
k13,93,D,
k13,94,F,
k13,95,L,
k13,96,P,
k13,97,S,
k13,98,N,
k13,99,L,
k13,100,S,
k13,101,R,
k13,102,T,
k13,103,F,
k13,104,N,
k13,105,N,
k13,106,M,
k13,107,S,
k13,108,K,
k13,109,D,
k13,110,N,
k13,111,I,
k13,112,G,
k13,113,N,
k13,114,K,
k13,115,Y,
k13,116,L,
k13,117,N,
k13,118,K,
k13,119,L,
k13,120,L,
k13,121,N,
k13,122,K,
k13,123,K,
k13,124,K,
k13,125,D,
k13,126,T,
k13,127,I,
k13,128,T,
k13,129,N,
k13,130,E,
k13,131,N,
k13,132,N,
k13,133,N,
k13,134,I,
k13,135,N,
k13,136,H,
k13,137,N,
k13,138,N,
k13,139,N,
k13,140,N,
k13,141,N,
k13,142,N,
k13,143,L,
k13,144,T,
k13,145,A,
k13,146,N,
k13,147,N,
k13,148,I,
k13,149,T,
k13,150,N,
k13,151,N,
k13,152,L,
k13,153,I,
k13,154,N,
k13,155,N,
k13,156,N,
k13,157,M,
k13,158,N,
k13,159,S,
k13,160,P,
k13,161,S,
k13,162,I,
k13,163,M,
k13,164,N,
k13,165,T,
k13,166,N,
k13,167,K,
k13,168,K,
k13,169,E,
k13,170,N,
k13,171,F,
k13,172,L,
k13,173,D,
k13,174,A,
k13,175,A,
k13,176,N,
k13,177,L,
k13,178,I,
k13,179,N,
k13,180,D,
k13,181,D,
k13,182,S,
k13,183,G,
k13,184,L,
k13,185,N,
k13,186,N,
k13,187,L,
k13,188,K,
k13,189,K,
k13,190,F,
k13,191,S,
k13,192,T,
k13,193,V,
k13,194,N,
k13,195,N,
k13,196,V,
k13,197,N,
k13,198,D,
k13,199,T,
k13,200,Y,
k13,201,E,
k13,202,K,
k13,203,K,
k13,204,I,
k13,205,I,
k13,206,E,
k13,207,T,
k13,208,E,
k13,209,L,
k13,210,S,
k13,211,D,
k13,212,A,
k13,213,S,
k13,214,D,
k13,215,F,
k13,216,E,
k13,217,N,
k13,218,M,
k13,219,V,
k13,220,G,
k13,221,D,
k13,222,L,
k13,223,R,
k13,224,I,
k13,225,T,
k13,226,F,
k13,227,I,
k13,228,N,
k13,229,W,
k13,230,L,
k13,231,K,
k13,232,K,
k13,233,T,
k13,234,Q,
k13,235,M,
k13,236,N,
k13,237,F,
k13,238,I,
k13,239,R,
k13,240,E,
k13,241,K,
k13,242,D,
k13,243,K,
k13,244,L,
k13,245,F,
k13,246,K,
k13,247,D,
k13,248,K,
k13,249,K,
k13,250,E,
k13,251,L,
k13,252,E,
k13,253,M,
k13,254,E,
k13,255,R,
k13,256,V,
k13,257,R,
k13,258,L,
k13,259,Y,
k13,260,K,
k13,261,E,
k13,262,L,
k13,263,E,
k13,264,N,
k13,265,R,
k13,266,K,
k13,267,N,
k13,268,I,
k13,269,E,
k13,270,E,
k13,271,Q,
k13,272,K,
k13,273,L,
k13,274,H,
k13,275,D,
k13,276,E,
k13,277,R,
k13,278,K,
k13,279,K,
k13,280,L,
k13,281,D,
k13,282,I,
k13,283,D,
k13,284,I,
k13,285,S,
k13,286,N,
k13,287,G,
k13,288,Y,
k13,289,K,
k13,290,Q,
k13,291,I,
k13,292,K,
k13,293,K,
k13,294,E,
k13,295,K,
k13,296,E,
k13,297,E,
k13,298,H,
k13,299,R,
k13,300,K,
k13,301,R,
k13,302,F,
k13,303,D,
k13,304,E,
k13,305,E,
k13,306,R,
k13,307,L,
k13,308,R,
k13,309,F,
k13,310,L,
k13,311,Q,
k13,312,E,
k13,313,I,
k13,314,D,
k13,315,K,
k13,316,I,
k13,317,K,
k13,318,L,
k13,319,V,
k13,320,L,
k13,321,Y,
k13,322,L,
k13,323,E,
k13,324,K,
k13,325,E,
k13,326,K,
k13,327,Y,
k13,328,Y,
k13,329,Q,
k13,330,E,
k13,331,Y,
k13,332,K,
k13,333,N,
k13,334,F,
k13,335,E,
k13,336,N,
k13,337,D,
k13,338,K,
k13,339,K,
k13,340,K,
k13,341,I,
k13,342,V,
k13,343,D,
k13,344,A,
k13,345,N,
k13,346,I,
k13,347,A,
k13,348,T,
k13,349,E,
k13,350,T,
k13,351,M,
k13,352,I,
k13,353,D,
k13,354,I,
k13,355,N,
k13,356,V,
k13,357,G,
k13,358,G,
k13,359,A,
k13,360,I,
k13,361,F,
k13,362,E,
k13,363,T,
k13,364,S,
k13,365,R,
k13,366,H,
k13,367,T,
k13,368,L,
k13,369,T,
k13,370,Q,
k13,371,Q,
k13,372,K,
k13,373,D,
k13,374,S,
k13,375,F,
k13,376,I,
k13,377,E,
k13,378,K,
k13,379,L,
k13,380,L,
k13,381,S,
k13,382,G,
k13,383,R,
k13,384,H,
k13,385,H,
k13,386,V,
k13,387,T,
k13,388,R,
k13,389,D,
k13,390,K,
k13,391,Q,
k13,392,G,
k13,393,R,
k13,394,I,
k13,395,F,
k13,396,L,
k13,397,D,
k13,398,R,
k13,399,D,
k13,400,S,
k13,401,E,
k13,402,L,
k13,403,F,
k13,404,R,
k13,405,I,
k13,406,I,
k13,407,L,
k13,408,N,
k13,409,F,
k13,410,L,
k13,411,R,
k13,412,N,
k13,413,P,
k13,414,L,
k13,415,T,
k13,416,I,
k13,417,P,
k13,418,I,
k13,419,P,
k13,420,K,
k13,421,D,
k13,422,L,
k13,423,S,
k13,424,E,
k13,425,S,
k13,426,E,
k13,427,A,
k13,428,L,
k13,429,L,
k13,430,K,
k13,431,E,
k13,432,A,
k13,433,E,
k13,434,F,
k13,435,Y,
k13,436,G,
k13,437,I,
k13,438,K,
k13,439,F,
k13,440,L,
k13,441,P,1
k13,442,F,
k13,443,P,
k13,444,L,
k13,445,V,
k13,446,F,1
k13,447,C,
k13,448,I,
k13,449,G,1
k13,450,G,
k13,451,F,
k13,452,D,
k13,453,G,
k13,454,V,
k13,455,E,
k13,456,Y,
k13,457,L,
k13,458,N,1
k13,459,S,
k13,460,M,
k13,461,E,
k13,462,L,
k13,463,L,
k13,464,D,
k13,465,I,
k13,466,S,
k13,467,Q,
k13,468,Q,
k13,469,C,1
k13,470,W,
k13,471,R,
k13,472,M,
k13,473,C,
k13,474,T,
k13,475,P,
k13,476,M,1
k13,477,S,
k13,478,T,
k13,479,K,
k13,480,K,
k13,481,A,1
k13,482,Y,
k13,483,F,
k13,484,G,
k13,485,S,
k13,486,A,
k13,487,V,
k13,488,L,
k13,489,N,
k13,490,N,
k13,491,F,
k13,492,L,
k13,493,Y,1
k13,494,V,
k13,495,F,
k13,496,G,
k13,497,G,
k13,498,N,
k13,499,N,
k13,500,Y,
k13,501,D,
k13,502,Y,
k13,503,K,
k13,504,A,
k13,505,L,
k13,506,F,
k13,507,E,
k13,508,T,
k13,509,E,
k13,510,V,
k13,511,Y,
k13,512,D,
k13,513,R,
k13,514,L,
k13,515,R,1
k13,516,D,
k13,517,V,
k13,518,W,
k13,519,Y,
k13,520,V,
k13,521,S,
k13,522,S,
k13,523,N,
k13,524,L,
k13,525,N,
k13,526,I,
k13,527,P,1
k13,528,R,
k13,529,R,
k13,530,N,
k13,531,N,
k13,532,C,
k13,533,G,
k13,534,V,
k13,535,T,
k13,536,S,
k13,537,N,1
k13,538,G,1
k13,539,R,1
k13,540,I,
k13,541,Y,
k13,542,C,
k13,543,I,1
k13,544,G,
k13,545,G,
k13,546,Y,
k13,547,D,
k13,548,G,
k13,549,S,
k13,550,S,
k13,551,I,
k13,552,I,
k13,553,P,1
k13,554,N,
k13,555,V,
k13,556,E,
k13,557,A,
k13,558,Y,
k13,559,D,
k13,560,H,
k13,561,R,1
k13,562,M,
k13,563,K,
k13,564,A,
k13,565,W,
k13,566,V,
k13,567,E,
k13,568,V,1
k13,569,A,
k13,570,P,
k13,571,L,
k13,572,N,
k13,573,T,
k13,574,P,1
k13,575,R,
k13,576,S,
k13,577,S,
k13,578,A,
k13,579,M,
k13,580,C,1
k13,581,V,
k13,582,A,
k13,583,F,
k13,584,D,
k13,585,N,
k13,586,K,
k13,587,I,
k13,588,Y,
k13,589,V,
k13,590,I,
k13,591,G,
k13,592,G,
k13,593,T,
k13,594,N,
k13,595,G,
k13,596,E,
k13,597,R,
k13,598,L,
k13,599,N,
k13,600,S,
k13,601,I,
k13,602,E,
k13,603,V,
k13,604,Y,
k13,605,E,
k13,606,E,
k13,607,K,
k13,608,M,
k13,609,N,
k13,610,K,
k13,611,W,
k13,612,E,
k13,613,Q,
k13,614,F,
k13,615,P,
k13,616,Y,
k13,617,A,
k13,618,L,
k13,619,L,
k13,620,E,
k13,621,A,
k13,622,R,1
k13,623,S,
k13,624,S,
k13,625,G,
k13,626,A,
k13,627,A,
k13,628,F,
k13,629,N,
k13,630,Y,
k13,631,L,
k13,632,N,
k13,633,Q,
k13,634,I,
k13,635,Y,
k13,636,V,
k13,637,V,
k13,638,G,
k13,639,G,
k13,640,I,
k13,641,D,
k13,642,N,
k13,643,E,
k13,644,H,
k13,645,N,
k13,646,I,
k13,647,L,
k13,648,D,
k13,649,S,
k13,650,V,
k13,651,E,
k13,652,Q,
k13,653,Y,
k13,654,Q,
k13,655,P,
k13,656,F,
k13,657,N,
k13,658,K,
k13,659,R,
k13,660,W,
k13,661,Q,
k13,662,F,
k13,663,L,
k13,664,N,
k13,665,G,
k13,666,V,
k13,667,P,
k13,668,E,
k13,669,K,
k13,670,K,
k13,671,M,
k13,672,N,
k13,673,F,
k13,674,G,
k13,675,A,1
k13,676,A,
k13,677,T,
k13,678,L,
k13,679,S,
k13,680,D,
k13,681,S,
k13,682,Y,
k13,683,I,
k13,684,I,
k13,685,T,
k13,686,G,
k13,687,G,
k13,688,E,
k13,689,N,
k13,690,G,
k13,691,E,
k13,692,V,
k13,693,L,
k13,694,N,
k13,695,S,
k13,696,C,
k13,697,H,
k13,698,F,
k13,699,F,
k13,700,S,
k13,701,P,
k13,702,D,
k13,703,T,
k13,704,N,
k13,705,E,
k13,706,W,
k13,707,Q,
k13,708,L,
k13,709,G,
k13,710,P,
k13,711,S,
k13,712,L,
k13,713,L,
k13,714,V,
k13,715,P,
k13,716,R,
k13,717,F,
k13,718,G,
k13,719,H,
k13,720,S,
k13,721,V,
k13,722,L,
k13,723,I,
k13,724,A,
k13,725,N,
k13,726,I,