site_uid	substudy	date_start	date_end	k13:532:W	k13:533:A	k13:533:G	k13:561:H	k13:555:A
Bugesera	untreatedextracted	2014-11-09	2015-04-08	1/48	0/48	0/48	0/48	0/48
Gatsibo	untreatedextracted	2014-11-09	2015-04-08	0/11	0/11	0/11	0/11	0/11
Gisagara	untreatedextracted	2014-11-09	2015-04-08	0/27	0/27	0/27	0/27	0/27
Huye	untreatedextracted	2014-11-09	2015-04-08	0/33	0/33	0/33	0/33	1/33
Kamonyi	untreatedextracted	2014-11-09	2015-04-08	0/3	0/3	0/3	0/3	0/3
Karongi	untreatedextracted	2014-11-09	2015-04-08	0/4	0/4	0/4	0/4	0/4
Kayonza	untreatedextracted	2014-11-09	2015-04-08	0/23	0/23	0/23	0/23	0/23
Kirehe	untreatedextracted	2014-11-09	2015-04-08	0/54	0/54	0/54	3/54	1/54
Ngoma	untreatedextracted	2014-11-09	2015-04-08	0/52	1/52	0/52	1/52	0/52
Nyamagabe	untreatedextracted	2014-11-09	2015-04-08	0/20	0/20	1/20	0/20	0/20
Nyamasheke	untreatedextracted	2014-11-09	2015-04-08	0/3	0/3	0/3	0/3	0/3
Nyanza	untreatedextracted	2014-11-09	2015-04-08	0/45	0/45	0/45	0/45	1/45
Nyaruguru	untreatedextracted	2014-11-09	2015-04-08	0/9	0/9	0/9	0/9	0/9
Ruhango	untreatedextracted	2014-11-09	2015-04-08	0/12	0/12	0/12	0/12	0/12
Rusizi	untreatedextracted	2014-11-09	2015-04-08	0/7	0/7	0/7	0/7	0/7
