site_uid	substudy	date_start	date_end	crt:76:T	mdr1:86:Y	k13:622:I
Ahferom	untreatedextracted	2018	2018	9/10	1/11	1/13
At_Tsimbila	untreatedextracted	2018	2018	31/35	1/39	1/41
Gulomekeda	untreatedextracted	2018	2018	12/14	0/14	1/14
Itang	untreatedextracted	2018	2018	7/9	0/9	2/11
K_Humera	untreatedextracted	2018	2018	21/27	0/33	2/28
Kule	untreatedextracted	2018	2018	35/41	0/41	2/37
L_Adiabo	untreatedextracted	2018	2018	12/17	2/18	2/15
Metema	untreatedextracted	2018	2018	124/146	2/148	16/149
Quara	untreatedextracted	2018	2018	42/55	1/61	1/60
T_Adiabo	untreatedextracted	2018	2018	11/14	0/17	2/14
Tegede	untreatedextracted	2018	2018	113/114	0/115	27/105
West_Armachiho	untreatedextracted	2018	2018	65/70	1/74	4/73
