SHEET	KEY	VALUE
study	countries_covered	F::lowercase;F::onespace;R::yes
study	study_uid	F::lowercase;P::^\w+$;R::yes
study	version	F::lowercase;P::^v\d\d*$;R::yes
study	date_modified	F::date;V::datefull;R::yes
study	first_author_surname	F::lowercase;P::^\w+$;R::yes
study	publication_year	F::lowercase;P::^[1-2]\d{3}$|^none$
study	pmid	F::integer;P::^\d+$
study	study_url	F::urlstrip;V::urlxxx
study	publication_status	F::lowercase;P::^\w+$
study	genotype_method	F::uppercase;F::nospace;P::^[A-Z0-9,_]+$;R::yes
study	genotype_panel	F::uppercase;F::nospace;P::^[A-Z0-9,_]+$;R::yes
study	K13_min	P::^\d+$;V::min:1;R::yes
study	K13_max	P::^\d+$;V::max:10000;R::yes
study	MDR1_N86Y	F::lowercase;P::^yes|no$;R::yes
study	CRT_K76T	F::lowercase;P::^yes|no$;R::yes
study	individual_level_avaiable	F::lowercase;P::^yes|no$;R::yes
study	haplotypes_available	F::uppercase;F::nospace;P::^[A-Z0-9,_]+$;R::yes
study	data_entry_author	F::lowercase;F::nospace;P::^[a-z]+$;R::yes
study	data_processing_pipeline	F::lowercase;F::nospace
study	site_level_overview_complete	F::lowercase;P::^(yes|none)$
study	mutation_prev_site_complete	F::lowercase;P::^(wide|long|none)$
study	target_genome_version	F::nospace;V::filepath
study	target_regions_coverage_file	F::nospace;V::filepath
study	genotype_panel_custom_spans_bed_file	F::nospace;V::filepath
study	WGS_vcf_path	F::nospace;V::filepath
study	COI_file_path	F::nospace;V::filepath
study	IBD_file_path	F::nospace;V::filepath
study	individual_wsaf_file	F::nospace;V::filepath
study	indvidiual_prevalence_file	F::nospace;V::filepath
study	individual_genotype_file	F::nospace;V::filepath
study	individual_allele_counts_file	F::nospace;V::filepath
study	server_data_folder	F::nospace;P::^(/[a-zA-Z0-9_\-]+)+(/[a-zA-Z0-9_\-]+\.[a-zA-Z0-9]+)?$
study	genotype_panel_custom_name	F::nospace;P::^\w+$
study	genotype_panel_custom_file	F::nospace;P::^(/[a-zA-Z0-9_\-]+)+(/[a-zA-Z0-9_\-]+\.[a-zA-Z0-9]+)?$
study	meta_file_path (csv or tsv delimited)	F::nospace;P::^(/[a-zA-Z0-9_\-]+)+(/[a-zA-Z0-9_\-]+\.[a-zA-Z0-9]+)?$
study	meta_header_sample_uid	F::nospace;P::^\w+$
study	meta_header_site_uid	F::nospace;P::^\w+$
study	meta_header_iso3c	F::nospace;P::^\w+$
study	meta_header_site_study_type	F::nospace;P::^\w+$
study	meta_header_lat_n	F::nospace;P::^\w+$
study	meta_header_lon_e	F::nospace;P::^(/[a-zA-Z0-9_\-]+)+(/[a-zA-Z0-9_\-]+\.[a-zA-Z0-9]+)?$
study	meta_header_date_start	F::nospace;P::^(/[a-zA-Z0-9_\-]+)+(/[a-zA-Z0-9_\-]+\.[a-zA-Z0-9]+)?$
study	meta_header_date_end	
study	mip_DR_analysis_dir_folder	
study	mip_IBC_analysis_dir_path	
study	mip_merge_fastq_dir_path	
study	VERSION	V01.2024_09_15
site	site_uid	F::lowercase;P::^\w+$
site	site_name	P::^\w+$
site	collection_location	P::^[0-9A-za-z _ ]+$
site	country	P::^\w+$
site	iso3c	F::uppercase;P::[A-Z][A-Z][A-Z];V::iso3c
site	lat_n	V::min:-35;V::max:37
site	lon_e	V::min:-21;V::max:55
site	google_lat_long_site	F::onespace:
site	coords_source	F::nospace
site	pretreatment_samples	F::nospace
site	site_study_type	F::nospace
site	study_design_age_min_years	V::min:0;V::max:150
site	study_design_age_max_years	V::min:0;V::max:150
site	study_design_sex	P::^both$|^male$|^female$
site	site_published_region	F::onespace
site	study_design_inclusion_criteria	F::onespace
site	study_design_exclusion_criteria	F::onespace
site	site_study_notes	F::onespace
site	VERSION	V01.2024_09_15
